variableMetadata	set	gene	measurement	category	WT.KO_fold	WT.KO_BH	WT.KO_signif	M.F_fold	M.F_BH	M.F_signif	oplsda_vip	biosigner	mixomics
Eye.Morphology.Left.vitreous.humor.thickness..µm.	preclinical	MX2	Eye Morphology:Left vitreous humor thickness (µm)	Eye	-47.4871794871796	0.00301881420279836	1	-4.52222222222213	0.818208467541614	0			0
Auditory.startle.reflex.reactivity.and.PPI...P1...PP90	preclinical	MX2	Auditory startle reflex reactivity and PPI - P1:% PP90	Auditory and PPI	12.1764285714286	0.0171515245178589	1	-1.22586538461539	0.721712419807116	0			0
Auditory.startle.reflex.reactivity.and.PPI...P1...PP85	preclinical	MX2	Auditory startle reflex reactivity and PPI - P1:% PP85	Auditory and PPI	13.2211904761905	0.18299371751591	0	0.655432692307684	0.989361052497608	0			0
Eye.Morphology.OCT.left.inner.nuclear.layer..µm.	preclinical	MX2	Eye Morphology:OCT left inner nuclear layer (µm)	Eye	-3.82051282051282	0.18299371751591	0	0.733333333333331	0.592572745371317	0			0
Clinical.chemistry.parameters.T..bilirubin..µmol.l.	preclinical	MX2	Clinical chemistry parameters:T. bilirubin (µmol/l)	Clinical chemistry	1.98214285714286	0.18299371751591	0	-0.370238095238096	0.60173815124208	0			0
Hot.plate.test.Nb.cage	preclinical	MX2	Hot plate test:Nb/cage	Hot plate	-0.990476190476191	0.18299371751591	0	0.490384615384615	0.282592095640174	0			0
Shock.threshold.test.Nb.cage	preclinical	MX2	Shock threshold test:Nb/cage	Shock threshold	-0.990476190476191	0.18299371751591	0	0.490384615384615	0.282592095640174	0			0
Auditory.brainstem.response.nb.cage	preclinical	MX2	Auditory brainstem response:nb/cage	Auditory and PPI	-0.919047619047619	0.18299371751591	0	0.413461538461538	0.356084192688123	0			0
Auditory.startle.reflex.reactivity.and.PPI...P1.nb.cage	preclinical	MX2	Auditory startle reflex reactivity and PPI - P1:nb/cage	Auditory and PPI	-0.919047619047619	0.18299371751591	0	0.413461538461538	0.356084192688123	0			0
Dysmorphology.IMPC.Nb.cage	preclinical	MX2	Dysmorphology IMPC:Nb/cage	Dysmorphology	-0.919047619047619	0.18299371751591	0	0.413461538461538	0.356084192688123	0			0
Grip.test.Nb.cage	preclinical	MX2	Grip test:Nb/cage	Grip test	-0.919047619047619	0.18299371751591	0	0.413461538461538	0.356084192688123	0			0
Modified.SHIRPA.Nb.cage	preclinical	MX2	Modified SHIRPA:Nb/cage	SHIRPA	-0.919047619047619	0.18299371751591	0	0.413461538461538	0.356084192688123	0			0
Modified.SHIRPA.Nb.cage.Eumodic	preclinical	MX2	Modified SHIRPA:Nb/cage Eumodic	SHIRPA	-0.919047619047619	0.18299371751591	0	0.413461538461538	0.356084192688123	0			0
Pavlovian.fear.conditioning.Nb.cage	preclinical	MX2	Pavlovian fear conditioning:Nb/cage	Pavlovian fear cond.	-0.919047619047619	0.18299371751591	0	0.413461538461538	0.356084192688123	0			0
Rotarod.test.Nb.cage	preclinical	MX2	Rotarod test:Nb/cage	Rotarod	-0.919047619047619	0.18299371751591	0	0.413461538461538	0.356084192688123	0			0
Eye.Morphology.OCT.left.anterior.chamber.depth	preclinical	MX2	Eye Morphology:OCT left anterior chamber depth	Eye	14.4153846153847	0.238693280217625	0	-8.35000000000002	0.248503654862157	0			0
Auditory.startle.reflex.reactivity.and.PPI...P1.PP90	preclinical	MX2	Auditory startle reflex reactivity and PPI - P1:PP90	Auditory and PPI	-72.9371428571428	0.389578364444354	0	-104.609615384615	0.00945706808202014	1			0
Clinical.chemistry.parameters.T..bilirubin.mg.dl..mg.dl.	preclinical	MX2	Clinical chemistry parameters:T. bilirubin mg/dl (mg/dl)	Clinical chemistry	0.115357142857143	0.434158869466901	0	-0.0254761904761904	0.697713763362161	0			0
Grip.test.Grip.mean.ratio..g.g.	preclinical	MX2	Grip test:Grip mean ratio (g/g)	Grip test	-0.510714285714286	0.451183347497025	0	0.184711538461539	0.58438896449765	0			0
Haematology...Complete.blood.count..CBC.on.the.Advia.120.MPV..fL.	preclinical	MX2	Haematology - Complete blood count (CBC)on the Advia 120:MPV (fL)	Haematology	0.199242424242424	0.451183347497025	0	0.136153846153846	0.356084192688123	0			0
ECG.in.anaesthetized.conditions.Ramp..mv.	preclinical	MX2	ECG in anaesthetized conditions:Ramp (mv)	ECG	-0.180952380952381	0.451183347497025	0	-0.104423076923077	0.398221318606796	0			0
Eye.Morphology.OCT.right.total.retinal.thickness..µm.	preclinical	MX2	Eye Morphology:OCT right total retinal thickness (µm)	Eye	-5.17948717948718	0.504086422784891	0	0.866666666666646	0.799159443396665	0			0
Eye.Morphology.OCT.left.outer.nuclear.layer..µm.	preclinical	MX2	Eye Morphology:OCT left outer nuclear layer (µm)	Eye	-2.21794871794872	0.504086422784891	0	-2.35555555555555	0.0791496152966809	0			0
Clinical.chemistry.parameters.Albumin..g.l.	preclinical	MX2	Clinical chemistry parameters:Albumin (g/l)	Clinical chemistry	1.63736263736264	0.506113133498046	0	1.96666666666667	0.0657948251335594	0			0
Echocardiography.using.the.Vevo.light.HR..bpm.	preclinical	MX2	Echocardiography using the Vevo light:HR (bpm)	Echocardiography	25.7142857142857	0.507211513536789	0	42.2980769230769	0.0090835557421981	1			0
Open.field.test...Time.Spent.in.the.Center.I2..cm.	preclinical	MX2	Open field test:% Time Spent in the Center I2 (cm)	Open field	-2.87523809523809	0.525612099368124	0	-1.21826923076923	0.634225754660682	0			0
Haematology...Complete.blood.count..CBC.on.the.Advia.120.HCT....	preclinical	MX2	Haematology - Complete blood count (CBC)on the Advia 120:HCT (%)	Haematology	-2.36643356643356	0.525612099368124	0	-2.26573426573427	0.195044308256054	0			0
Haematology...Complete.blood.count..CBC.on.the.Advia.120.Hte.brut....	preclinical	MX2	Haematology - Complete blood count (CBC)on the Advia 120:Hte brut (%)	Haematology	-1.18321678321678	0.525612099368124	0	-1.13286713286713	0.195044308256054	0			0
Body.Weight.body.weight.w7..g.	preclinical	MX2	Body Weight:body weight w7 (g)	Body	0.860476190476192	0.525612099368124	0	-4.55817307692308	1.16669102420647e-07	1			0
Open.field.test.av..speed.center..cm.s.	preclinical	MX2	Open field test:av. speed center (cm/s)	Open field	0.823761904761906	0.525612099368124	0	0.711682692307692	0.248503654862157	0			0
Pavlovian.fear.conditioning.context.freezing.con.1	preclinical	MX2	Pavlovian fear conditioning:context freezing con-1	Pavlovian fear cond.	-17.8666666666667	0.553175602465756	0	1.13461538461539	0.915518932794405	0			0
Pavlovian.fear.conditioning.Freezing.....Con.1	preclinical	MX2	Pavlovian fear conditioning:Freezing (%) Con-1	Pavlovian fear cond.	-14.8874761904762	0.553175602465756	0	0.947740384615386	0.915518932794405	0			0
Auditory.startle.reflex.reactivity.and.PPI...P1.Glb	preclinical	MX2	Auditory startle reflex reactivity and PPI - P1:Glb	Auditory and PPI	8.13909523809523	0.56565583724304	0	1.84528846153847	0.840103932010077	0			0
Eye.Morphology.OCT.left.total.retinal.thickness..µm.	preclinical	MX2	Eye Morphology:OCT left total retinal thickness (µm)	Eye	-4.83333333333334	0.56565583724304	0	-3.01111111111112	0.398221318606796	0			0
Auditory.startle.reflex.reactivity.and.PPI...P1.BN..65.	preclinical	MX2	Auditory startle reflex reactivity and PPI - P1:BN (65)	Auditory and PPI	3.49285714285714	0.56565583724304	0	1.35528846153846	0.700144083237645	0			0
Rotarod.test.Trial.1..s.	preclinical	MX2	Rotarod test:Trial 1 (s)	Rotarod	-28.4333333333333	0.593461775194091	0	40.3894230769231	0.113175497050903	0			0
Grip.test.Trial2..4paws...g.	preclinical	MX2	Grip test:Trial2 (4paws) (g)	Grip test	18.4142857142857	0.593461775194091	0	-22.8701923076923	0.163569511750103	0			0
Test.de.Tolérance.au.Glucose..GTT..Glucose.T60..mg.dl.	preclinical	MX2	Test de Tolérance au Glucose (GTT):Glucose T60 (mg/dl)	Glucose tolerance test	-16.7857142857143	0.593461775194091	0	-49.0416666666667	0.000528001024072442	1			0
ECG.in.anaesthetized.conditions.QT.corrigé..ms.Corr.	preclinical	MX2	ECG in anaesthetized conditions:QT corrigé (ms Corr)	ECG	7.65742857142857	0.593461775194091	0	3.14384615384616	0.721712419807116	0			0
Clinical.chemistry.parameters.HDL.Chol..mg.dl..mg.dl.	preclinical	MX2	Clinical chemistry parameters:HDL Chol. mg/dl (mg/dl)	Clinical chemistry	-4.44753246753247	0.593461775194091	0	-8.34865384615385	0.00520661696315116	1			0
Dysmorphology.IMPC.Loc..activity	preclinical	MX2	Dysmorphology IMPC:Loc. activity	Dysmorphology	-3.76666666666667	0.593461775194091	0	-2.39423076923077	0.514612117234618	0			0
Modified.SHIRPA.Loc..activity	preclinical	MX2	Modified SHIRPA:Loc. activity	SHIRPA	-3.76666666666667	0.593461775194091	0	-2.39423076923077	0.514612117234618	0			0
Open.field.test...distance.in.the.Center.I2..cm.	preclinical	MX2	Open field test:% distance in the Center I2 (cm)	Open field	-3.24142857142857	0.593461775194091	0	-0.959615384615386	0.818208467541614	0			0
Eye.Morphology.OCT.right.outer.nuclear.layer..µm.	preclinical	MX2	Eye Morphology:OCT right outer nuclear layer (µm)	Eye	-1.88461538461539	0.593461775194091	0	-0.444444444444443	0.839443241923767	0			0
Haematology...Complete.blood.count..CBC.on.the.Advia.120..NEUTRO....	preclinical	MX2	Haematology - Complete blood count (CBC)on the Advia 120:%NEUTRO (%)	Haematology	1.72797202797203	0.593461775194091	0	1.93076923076923	0.179220594506605	0			0
Test.de.Tolérance.au.Glucose..GTT..Glucose.T60..mmol.l.	preclinical	MX2	Test de Tolérance au Glucose (GTT):Glucose T60 (mmol/l)	Glucose tolerance test	-0.914285714285715	0.593461775194091	0	-2.7	0.000528001024072442	1			0
Haematology...Complete.blood.count..CBC.on.the.Advia.120.LYMPHO..x10E03.cells.µL.	preclinical	MX2	Haematology - Complete blood count (CBC)on the Advia 120:LYMPHO (x10E03 cells/µL)	Haematology	-0.901818181818182	0.593461775194091	0	-1.56531468531469	0.00563590035109822	1			0
Haematology...Complete.blood.count..CBC.on.the.Advia.120.RBC..x10E06.cells.µL.	preclinical	MX2	Haematology - Complete blood count (CBC)on the Advia 120:RBC (x10E06 cells/µL)	Haematology	-0.501678321678321	0.593461775194091	0	-0.505314685314685	0.248503654862157	0			0
Haematology...Complete.blood.count..CBC.on.the.Advia.120.LYMPHO.BRUT..x10E03.cells.µL.	preclinical	MX2	Haematology - Complete blood count (CBC)on the Advia 120:LYMPHO BRUT (x10E03 cells/µL)	Haematology	-0.450909090909091	0.593461775194091	0	-0.782657342657343	0.00623071516664033	1			0
Haematology...Complete.blood.count..CBC.on.the.Advia.120..LUC....	preclinical	MX2	Haematology - Complete blood count (CBC)on the Advia 120:%LUC (%)	Haematology	-0.208391608391608	0.593461775194091	0	-0.194405594405594	0.278041991766068	0			0
Echocardiography.using.the.Vevo.light.FS....	preclinical	MX2	Echocardiography using the Vevo light:FS (%)	Echocardiography	2.10533333333333	0.599589017051762	0	1.50346153846154	0.453906744896395	0			0
Haematology...Complete.blood.count..CBC.on.the.Advia.120.RBC.brut..x10E06.cells.µL.	preclinical	MX2	Haematology - Complete blood count (CBC)on the Advia 120:RBC brut (x10E06 cells/µL)	Haematology	-0.250839160839161	0.608212316222201	0	-0.252657342657343	0.265013289566784	0			0
ECG.in.anaesthetized.conditions.Number.of.signals	preclinical	MX2	ECG in anaesthetized conditions:Number of signals	ECG	31.3714285714286	0.614490286096241	0	-16.5240384615385	0.595055050291754	0			0
Grip.test.Grip.mean..4paws...g.	preclinical	MX2	Grip test:Grip mean (4paws) (g)	Grip test	16.593380952381	0.614490286096241	0	-23.1200961538462	0.149383180062949	0			0
Grip.test.Trial3..4paws...g.	preclinical	MX2	Grip test:Trial3 (4paws) (g)	Grip test	16.1142857142857	0.614490286096241	0	-21.8990384615385	0.163569511750103	0			0
Clinical.chemistry.parameters.Glucose.mg.dl..mg.dl.	preclinical	MX2	Clinical chemistry parameters:Glucose mg/dl (mg/dl)	Clinical chemistry	-15.3233766233766	0.614490286096241	0	69.9576923076923	0.00113305149369427	1			0
Grip.test.Trial.3..g.	preclinical	MX2	Grip test:Trial 3 (g)	Grip test	-8.98095238095237	0.614490286096241	0	-22.2932692307692	0.00212744356428535	1			0
Echocardiography.using.the.Vevo.light.EF....	preclinical	MX2	Echocardiography using the Vevo light:EF (%)	Echocardiography	3.08409523809524	0.614490286096241	0	2.46927884615385	0.398221318606796	0			0
Clinical.chemistry.parameters.Glucose..mmol.l.	preclinical	MX2	Clinical chemistry parameters:Glucose (mmol/l)	Clinical chemistry	-0.851298701298701	0.614490286096241	0	3.88653846153846	0.00113305149369427	1			0
Dysmorphology.IMPC.Body.weight..g.	preclinical	MX2	Dysmorphology IMPC:Body weight (g)	Dysmorphology	0.640952380952381	0.614490286096241	0	-4.57644230769231	2.07323960236593e-07	1			0
Open.field.test.Number.of.Rearings.I4	preclinical	MX2	Open field test:Number of Rearings I4	Open field	5.01904761904762	0.619338893976772	0	-11.9951923076923	0.0144289497141791	1			0
Haematology...Complete.blood.count..CBC.on.the.Advia.120.WBC..x10E03.cells.µL.	preclinical	MX2	Haematology - Complete blood count (CBC)on the Advia 120:WBC (x10E03 cells/µL)	Haematology	-0.930909090909091	0.636010573752903	0	-1.74769230769231	0.00824276713228851	1			0
Haematology...Complete.blood.count..CBC.on.the.Advia.120.WBC.brut..x10E03.cells.µL.	preclinical	MX2	Haematology - Complete blood count (CBC)on the Advia 120:WBC brut (x10E03 cells/µL)	Haematology	-0.465454545454545	0.636010573752903	0	-0.873846153846154	0.00854271076414708	1			0
Ultrafocus...Densitométrie.osseuse.et.composition.corporelle.Body.length..cm.	preclinical	MX2	Ultrafocus - Densitométrie osseuse et composition corporelle:Body length (cm)	Body composition	0.118095238095238	0.636010573752903	0	-0.190384615384614	0.113175497050903	0			0
Auditory.startle.reflex.reactivity.and.PPI...P1.PP85	preclinical	MX2	Auditory startle reflex reactivity and PPI - P1:PP85	Auditory and PPI	-80.0219047619048	0.641505340346101	0	-157.142788461538	0.0336051557273736	1			0
Open.field.test.Latency.center..s.	preclinical	MX2	Open field test:Latency center (s)	Open field	-7.21428571428572	0.641505340346101	0	5.45480769230769	0.462291859439625	0			0
Open.field.test...distance.in.the.Center.I3..cm.	preclinical	MX2	Open field test:% distance in the Center I3 (cm)	Open field	3.49095238095238	0.641505340346101	0	-0.967307692307692	0.818208467541614	0			0
Test.de.Tolérance.au.Glucose..GTT..Body.weight..g.	preclinical	MX2	Test de Tolérance au Glucose (GTT):Body weight (g)	Glucose tolerance test	0.69285714285714	0.641505340346101	0	-4.39583333333333	2.11712767602346e-07	1			0
Haematology...Complete.blood.count..CBC.on.the.Advia.120.HGB..g.dL.	preclinical	MX2	Haematology - Complete blood count (CBC)on the Advia 120:HGB (g/dL)	Haematology	-0.542657342657343	0.641505340346101	0	-0.565034965034965	0.307721026487832	0			0
Haematology...Complete.blood.count..CBC.on.the.Advia.120.HGB.brut..g.dL.	preclinical	MX2	Haematology - Complete blood count (CBC)on the Advia 120:HGB brut (g/dL)	Haematology	-0.271328671328671	0.641505340346101	0	-0.282517482517482	0.321307298170682	0			0
Clinical.chemistry.parameters.HDL.Chol...mmol.l.	preclinical	MX2	Clinical chemistry parameters:HDL Chol. (mmol/l)	Clinical chemistry	-0.114935064935065	0.641505340346101	0	-0.215705128205128	0.0190693975099064	1			0
Auditory.startle.reflex.reactivity.and.PPI...P1.Body.weight..g.	preclinical	MX2	Auditory startle reflex reactivity and PPI - P1:Body weight (g)	Auditory and PPI	0.603809523809524	0.642915882127458	0	-4.84038461538461	2.26305656837375e-07	1			0
Grip.test.Trial1..4paws...g.	preclinical	MX2	Grip test:Trial1 (4paws) (g)	Grip test	15.2523809523809	0.70741513649101	0	-24.5865384615385	0.167043556776151	0			0
ECG.in.anaesthetized.conditions.QT..ms.	preclinical	MX2	ECG in anaesthetized conditions:QT (ms)	ECG	2.35542857142858	0.70741513649101	0	-1.55451923076923	0.58438896449765	0			0
Grip.test.Weight..g.	preclinical	MX2	Grip test:Weight (g)	Grip test	0.533333333333335	0.70741513649101	0	-5.12884615384615	1.16669102420647e-07	1			0
Modified.SHIRPA.Body.weight	preclinical	MX2	Modified SHIRPA:Body weight	SHIRPA	0.533333333333335	0.70741513649101	0	-5.12884615384615	1.16669102420647e-07	1			0
Rotarod.test.Body.weight..g.	preclinical	MX2	Rotarod test:Body weight (g)	Rotarod	0.533333333333335	0.70741513649101	0	-5.12884615384615	1.16669102420647e-07	1			0
Grip.test.Trial.1..g.	preclinical	MX2	Grip test:Trial 1 (g)	Grip test	-9.12857142857143	0.726455111344704	0	-18.7788461538462	0.0538983560263662	0			0
Grip.test.Grip.mean..g.	preclinical	MX2	Grip test:Grip mean (g)	Grip test	-7.85642857142857	0.726455111344704	0	-20.305	0.0111989265909106	1			0
Eye.Morphology.OCT.right.inner.nuclear.layer..µm.	preclinical	MX2	Eye Morphology:OCT right inner nuclear layer (µm)	Eye	-1.6025641025641	0.726455111344704	0	0.133333333333333	0.924462585187222	0			0
Echocardiography.using.the.Vevo.light.Body.mass..g.	preclinical	MX2	Echocardiography using the Vevo light:Body mass (g)	Echocardiography	0.561428571428571	0.726455111344704	0	-4.44711538461538	1.87914521564212e-06	1			0
Ultrafocus...Densitométrie.osseuse.et.composition.corporelle.fat.weight..g.	preclinical	MX2	Ultrafocus - Densitométrie osseuse et composition corporelle:fat weight (g)	Body composition	0.204047619047619	0.726455111344704	0	-1.72086538461539	7.46886852331229e-07	1			0
Hot.plate.test.Type.of.response	preclinical	MX2	Hot plate test:Type of response	Hot plate	-0.152380952380953	0.748853375989678	0	0.322115384615385	0.0979863389965561	0			0
Open.field.test.Number.of.Rearings.I1	preclinical	MX2	Open field test:Number of Rearings I1	Open field	4.57619047619048	0.752861681202333	0	-5.21634615384615	0.36981261207071	0			0
Pavlovian.fear.conditioning.freezing.total.context	preclinical	MX2	Pavlovian fear conditioning:freezing total context	Pavlovian fear cond.	-23.2857142857143	0.805727660509176	0	49.3365384615385	0.121907908187479	0			0
Pavlovian.fear.conditioning.Freezing.....total	preclinical	MX2	Pavlovian fear conditioning:Freezing (%) total	Pavlovian fear cond.	-6.46695238095238	0.805727660509176	0	13.70375	0.121907908187479	0			0
Open.field.test...distance.in.the.Center.I4..cm.	preclinical	MX2	Open field test:% distance in the Center I4 (cm)	Open field	2.57238095238095	0.862777182935353	0	-0.806249999999999	0.839443241923767	0			0
Open.field.test.Dist.I1..cm.	preclinical	MX2	Open field test:Dist I1 (cm)	Open field	128.561904761905	0.869602913540601	0	3.97403846153884	0.99832866400848	0			0
Open.field.test...Time.Spent.in.the.Center.I4..cm.	preclinical	MX2	Open field test:% Time Spent in the Center I4 (cm)	Open field	2.7047619047619	0.876491282879967	0	0.326442307692307	0.965422101542207	0			0
Eye.Morphology.Right.segments..µm.	preclinical	MX2	Eye Morphology:Right segments (µm)	Eye	0.987179487179489	0.876491282879967	0	1.38888888888889	0.278041991766068	0			0
Auditory.startle.reflex.reactivity.and.PPI...P1.ST110	preclinical	MX2	Auditory startle reflex reactivity and PPI - P1:ST110	Auditory and PPI	82.9538095238095	0.893306699115313	0	-573.307692307692	0.000244795416529622	1			0
Clinical.chemistry.parameters.TG.mg.dl..mg.dl.	preclinical	MX2	Clinical chemistry parameters:TG mg/dl (mg/dl)	Clinical chemistry	-13.8686363636364	0.893306699115313	0	-21.1095512820513	0.248503654862157	0			0
Pavlovian.fear.conditioning.context.freezing.con.2	preclinical	MX2	Pavlovian fear conditioning:context freezing con-2	Pavlovian fear cond.	-7.80952380952381	0.893306699115313	0	16.9615384615385	0.17903899346983	0			0
Pavlovian.fear.conditioning.Freezing.....Con.2	preclinical	MX2	Pavlovian fear conditioning:Freezing (%) Con-2	Pavlovian fear cond.	-6.50747619047619	0.893306699115313	0	14.1332211538462	0.17903899346983	0			0
ECG.in.anaesthetized.conditions.ST..ms.	preclinical	MX2	ECG in anaesthetized conditions:ST (ms)	ECG	1.68538095238095	0.893306699115313	0	-1.31245192307692	0.65617617808889	0			0
Eye.Morphology.Left.inner.plexiform.layer..µm.	preclinical	MX2	Eye Morphology:Left inner plexiform layer (µm)	Eye	-1.67948717948718	0.893306699115313	0	-2.92222222222223	0.192577571856098	0			0
Clinical.chemistry.parameters.TG..mmol.l.	preclinical	MX2	Clinical chemistry parameters:TG (mmol/l)	Clinical chemistry	-0.156688311688312	0.893306699115313	0	-0.238525641025641	0.264216843365828	0			0
Haematology...Complete.blood.count..CBC.on.the.Advia.120.MCH..pg.	preclinical	MX2	Haematology - Complete blood count (CBC)on the Advia 120:MCH (pg)	Haematology	0.142657342657342	0.893306699115313	0	0.159440559440558	0.435414430119528	0			0
Haematology...Complete.blood.count..CBC.on.the.Advia.120.PLT..x10E03.cells.µL.	preclinical	MX2	Haematology - Complete blood count (CBC)on the Advia 120:PLT (x10E03 cells/µL)	Haematology	-97.4242424242424	0.902006600362177	0	-238.953846153846	0.0336051557273736	1			0
Haematology...Complete.blood.count..CBC.on.the.Advia.120.PLT.brut..x10E03.cells.µL.	preclinical	MX2	Haematology - Complete blood count (CBC)on the Advia 120:PLT brut (x10E03 cells/µL)	Haematology	-48.7121212121212	0.902006600362177	0	-119.476923076923	0.0336051557273736	1			0
Test.de.Tolérance.au.Glucose..GTT..Glucose.T0..mg.dl.	preclinical	MX2	Test de Tolérance au Glucose (GTT):Glucose T0 (mg/dl)	Glucose tolerance test	-4.21428571428571	0.902006600362177	0	2.83333333333333	0.734393644168559	0			0
Eye.Morphology.Right.inner.plexiform.layer..µm.	preclinical	MX2	Eye Morphology:Right inner plexiform layer (µm)	Eye	-1.69230769230769	0.902006600362177	0	-0.933333333333337	0.788257185351735	0			0
Eye.Morphology.Left.segments..µm.	preclinical	MX2	Eye Morphology:Left segments (µm)	Eye	0.987179487179489	0.902006600362177	0	0.75555555555556	0.681324488903825	0			0
ECG.in.anaesthetized.conditions.PR..ms.	preclinical	MX2	ECG in anaesthetized conditions:PR (ms)	ECG	-0.980952380952381	0.902006600362177	0	2.24615384615385	0.198811335270371	0			0
Ultrafocus...Densitométrie.osseuse.et.composition.corporelle.lean.percent....	preclinical	MX2	Ultrafocus - Densitométrie osseuse et composition corporelle:lean percent (%)	Body composition	-0.66990476190476	0.902006600362177	0	4.82307692307693	0.000470813794815997	1			0
Ultrafocus...Densitométrie.osseuse.et.composition.corporelle.fat.percent....	preclinical	MX2	Ultrafocus - Densitométrie osseuse et composition corporelle:fat percent (%)	Body composition	0.669190476190476	0.902006600362177	0	-4.82230769230769	0.000470813794815997	1			0
Test.de.Tolérance.au.Glucose..GTT..Glucose.T0..mmol.l.	preclinical	MX2	Test de Tolérance au Glucose (GTT):Glucose T0 (mmol/l)	Glucose tolerance test	-0.221428571428572	0.902006600362177	0	0.1625	0.721712419807116	0			0
Rotarod.test.Passive.rotation..T3.	preclinical	MX2	Rotarod test:Passive rotation (T3)	Rotarod	-0.171428571428571	0.902006600362177	0	-0.0384615384615385	0.924462585187222	0			0
Anapath...A2.heart	preclinical	MX2	Anapath:% A2 heart	Anapath	-0.0332380952380953	0.902006600362177	0	0.0212019230769231	0.735646250589871	0			0
Clinical.chemistry.parameters.Non.HDL.Chol...mmol.l.	preclinical	MX2	Clinical chemistry parameters:Non HDL Chol. (mmol/l)	Clinical chemistry	0.0551948051948052	0.920016227563518	0	0.0785256410256411	0.36981261207071	0			0
Anapath.A2.heart..mg...mg.	preclinical	MX2	Anapath:A2 heart (mg) (mg)	Anapath	-6.84285714285713	0.92987225083145	0	-23.3317307692308	0.0215611093525743	1			0
Auditory.startle.reflex.reactivity.and.PPI...P1...PP75	preclinical	MX2	Auditory startle reflex reactivity and PPI - P1:% PP75	Auditory and PPI	4.82047619047619	0.92987225083145	0	1.41365384615385	0.915518932794405	0			0
Eye.Morphology.Right.vitreous.humor.thickness..µm.	preclinical	MX2	Eye Morphology:Right vitreous humor thickness (µm)	Eye	-20.8333333333334	0.933993106617192	0	25.588888888889	0.526850924881931	0			0
Auditory.startle.reflex.reactivity.and.PPI...P1.P90	preclinical	MX2	Auditory startle reflex reactivity and PPI - P1:P90	Auditory and PPI	-19.0719047619048	0.933993106617192	0	-18.7355769230769	0.65617617808889	0			0
Grip.test.Trial.2..g.	preclinical	MX2	Grip test:Trial 2 (g)	Grip test	-5.46190476190476	0.933993106617192	0	-19.8461538461538	0.018100378419914	1			0
Clinical.chemistry.parameters.ALP..U.l.	preclinical	MX2	Clinical chemistry parameters:ALP (U/l)	Clinical chemistry	-3.05494505494507	0.933993106617192	0	42.1833333333333	3.49154512462561e-06	1			0
Open.field.test...Time.Spent.in.the.Center.I3..cm.	preclinical	MX2	Open field test:% Time Spent in the Center I3 (cm)	Open field	1.55857142857143	0.933993106617192	0	-2.69903846153846	0.36981261207071	0			0
Haematology...Complete.blood.count..CBC.on.the.Advia.120.MCHC..g.dL.	preclinical	MX2	Haematology - Complete blood count (CBC)on the Advia 120:MCHC (g/dL)	Haematology	0.224475524475523	0.933993106617192	0	0.17832167832168	0.745149278383737	0			0
Test.de.Tolérance.au.Glucose..GTT..Glucose.auc.0.120...min.mg.dl.	preclinical	MX2	Test de Tolérance au Glucose (GTT):Glucose auc(0-120) (min*mg/dl)	Glucose tolerance test	-567	0.953076622034624	0	-4376.33333333333	0.00142187550957272	1			0
Open.field.test.Dist.global..cm.	preclinical	MX2	Open field test:Dist global (cm)	Open field	229.154285714285	0.953076622034624	0	-217.218269230771	0.745149278383737	0			0
Open.field.test.Distance.whole.arena..cm.	preclinical	MX2	Open field test:Distance whole arena (cm)	Open field	229.154285714285	0.953076622034624	0	-217.218269230771	0.745149278383737	0			0
Open.field.test.Distance.center..cm.	preclinical	MX2	Open field test:Distance center (cm)	Open field	76.6557142857143	0.953076622034624	0	-232.359615384615	0.267053914968685	0			0
Open.field.test.Dist.I4..cm.	preclinical	MX2	Open field test:Dist I4 (cm)	Open field	75.0704761904763	0.953076622034624	0	50.9115384615386	0.840103932010077	0			0
Test.de.Tolérance.au.Glucose..GTT..Glucose.auc.0.120...min.mmol.l.	preclinical	MX2	Test de Tolérance au Glucose (GTT):Glucose auc(0-120) (min*mmol/l)	Glucose tolerance test	-31	0.953076622034624	0	-240.833333333333	0.00142187550957272	1			0
Open.field.test.Resting.Time.periphery..s.	preclinical	MX2	Open field test:Resting Time periphery (s)	Open field	-13.0923809523809	0.953076622034624	0	42.2759615384616	0.248503654862157	0			0
Open.field.test.Resting.Time.whole.arena..s.	preclinical	MX2	Open field test:Resting Time whole arena (s)	Open field	-11.4057142857143	0.953076622034624	0	43.4413461538462	0.236714703406795	0			0
Rotarod.test.Mean.latency	preclinical	MX2	Rotarod test:Mean latency	Rotarod	-10.7360952380952	0.953076622034624	0	36.1401923076923	0.124809752436364	0			0
Auditory.startle.reflex.reactivity.and.PPI...P1.P85	preclinical	MX2	Auditory startle reflex reactivity and PPI - P1:P85	Auditory and PPI	-9.51809523809524	0.953076622034624	0	-2.84807692307692	0.924462585187222	0			0
Open.field.test.Number.of.Rearings.global	preclinical	MX2	Open field test:Number of Rearings global	Open field	7.45238095238093	0.953076622034624	0	-47.1105769230769	0.0106067826392262	1			0
Open.field.test.NEntries.center	preclinical	MX2	Open field test:NEntries center	Open field	4.8952380952381	0.953076622034624	0	-1.30288461538461	0.915518932794405	0			0
Pavlovian.fear.conditioning.Freezing.conditioning.post.us1	preclinical	MX2	Pavlovian fear conditioning:Freezing conditioning post-us1	Pavlovian fear cond.	-3.96190476190476	0.953076622034624	0	18.4134615384615	0.127124629667352	0			0
Echocardiography.using.the.Vevo.light.LV.Mass.AW..mg.	preclinical	MX2	Echocardiography using the Vevo light:LV Mass AW (mg)	Echocardiography	3.76214285714285	0.953076622034624	0	-23.968125	0.011527130679825	1			0
Clinical.chemistry.parameters.ALAT..U.l.	preclinical	MX2	Clinical chemistry parameters:ALAT (U/l)	Clinical chemistry	3.54945054945055	0.953076622034624	0	-23.040404040404	0.0368466270341082	1			0
Echocardiography.using.the.Vevo.light.LV.Mass.AW..Corrected...mg.	preclinical	MX2	Echocardiography using the Vevo light:LV Mass AW (Corrected) (mg)	Echocardiography	3.00723809523811	0.953076622034624	0	-19.1748076923077	0.011527130679825	1			0
Auditory.startle.reflex.reactivity.and.PPI...P1.P75	preclinical	MX2	Auditory startle reflex reactivity and PPI - P1:P75	Auditory and PPI	3.00476190476191	0.953076622034624	0	5.21778846153846	0.571117836580628	0			0
Echocardiography.using.the.Vevo.light.LV.Vol_s..uL.	preclinical	MX2	Echocardiography using the Vevo light:LV Vol_s (uL)	Echocardiography	-1.78223809523809	0.953076622034624	0	-6.89759615384615	0.0737156327831907	0			0
Haematology...Complete.blood.count..CBC.on.the.Advia.120..LYMPHO....	preclinical	MX2	Haematology - Complete blood count (CBC)on the Advia 120:%LYMPHO (%)	Haematology	-1.54475524475525	0.953076622034624	0	-2.41608391608392	0.382615475881585	0			0
ECG.in.anaesthetized.conditions.Pdur..ms.	preclinical	MX2	ECG in anaesthetized conditions:Pdur (ms)	ECG	0.463809523809523	0.953076622034624	0	-0.400961538461537	0.788257185351735	0			0
Grip.test.Grip.mean.ratio.4paws...g.g.	preclinical	MX2	Grip test:Grip mean ratio(4paws) (g/g)	Grip test	0.371095238095238	0.953076622034624	0	1.06634615384615	0.113175497050903	0			0
Ultrafocus...Densitométrie.osseuse.et.composition.corporelle.sample.area..cm2.	preclinical	MX2	Ultrafocus - Densitométrie osseuse et composition corporelle:sample area (cm2)	Body composition	0.143809523809523	0.953076622034624	0	-2.49485576923077	3.49154512462561e-06	1			0
Haematology...Complete.blood.count..CBC.on.the.Advia.120.CHCM..g.dL.	preclinical	MX2	Haematology - Complete blood count (CBC)on the Advia 120:CHCM (g/dL)	Haematology	0.134265734265735	0.953076622034624	0	-0.0503496503496486	0.867827298814449	0			0
Ultrafocus...Densitométrie.osseuse.et.composition.corporelle.soft.weight..g.	preclinical	MX2	Ultrafocus - Densitométrie osseuse et composition corporelle:soft weight (g)	Body composition	0.133761904761904	0.953076622034624	0	-4.47629807692308	5.06804990120982e-07	1			0
Ultrafocus...Densitométrie.osseuse.et.composition.corporelle.total.weight..g.	preclinical	MX2	Ultrafocus - Densitométrie osseuse et composition corporelle:total weight (g)	Body composition	0.133190476190475	0.953076622034624	0	-4.49548076923077	6.12892172082829e-07	1			0
Ultrafocus...Densitométrie.osseuse.et.composition.corporelle.body.weight..g.	preclinical	MX2	Ultrafocus - Densitométrie osseuse et composition corporelle:body weight (g)	Body composition	0.125714285714285	0.953076622034624	0	-4.42403846153846	2.26305656837375e-07	1			0
Open.field.test.av..speed.whole.arena..cm.s.	preclinical	MX2	Open field test:av. speed whole arena (cm/s)	Open field	0.124714285714285	0.953076622034624	0	0.216201923076923	0.546803463908347	0			0
Gross.Pathology.Body.Weight..g.	preclinical	MX2	Gross Pathology:Body Weight (g)	Gross	0.12052380952381	0.953076622034624	0	-4.67182692307692	2.26305656837375e-07	1			0
Anapath.body.weight..g.	preclinical	MX2	Anapath:body weight (g)	Anapath	0.120414285714286	0.953076622034624	0	-4.67233173076923	2.26305656837375e-07	1			0
Rotarod.test.Passive.rotation..T2.	preclinical	MX2	Rotarod test:Passive rotation (T2)	Rotarod	-0.0952380952380953	0.953076622034624	0	0.00961538461538458	0.970111811735441	0			0
Echocardiography.using.the.Vevo.light.LVID_s..mm.	preclinical	MX2	Echocardiography using the Vevo light:LVID_s (mm)	Echocardiography	-0.0752380952380949	0.953076622034624	0	-0.233605769230769	0.0974697908275948	0			0
Echocardiography.using.the.Vevo.light.LVAW_s..mm.	preclinical	MX2	Echocardiography using the Vevo light:LVAW_s (mm)	Echocardiography	0.0351904761904762	0.953076622034624	0	-0.0703365384615384	0.356084192688123	0			0
Haematology...Complete.blood.count..CBC.on.the.Advia.120.MONO..x10E03.cells.µL.	preclinical	MX2	Haematology - Complete blood count (CBC)on the Advia 120:MONO (x10E03 cells/µL)	Haematology	-0.0341258741258741	0.953076622034624	0	-0.0565034965034965	0.506030787850319	0			0
Haematology...Complete.blood.count..CBC.on.the.Advia.120.CHDW..g.dL.	preclinical	MX2	Haematology - Complete blood count (CBC)on the Advia 120:CHDW (g/dL)	Haematology	0.0241958041958041	0.953076622034624	0	0.00937062937062949	0.949102755489381	0			0
ECG.in.anaesthetized.conditions.STE..mv.	preclinical	MX2	ECG in anaesthetized conditions:STE (mv)	ECG	0.0233333333333333	0.953076622034624	0	-0.00235576923076923	0.960917792486789	0			0
Echocardiography.using.the.Vevo.light.LVPW_s..mm.	preclinical	MX2	Echocardiography using the Vevo light:LVPW_s (mm)	Echocardiography	0.0203809523809524	0.953076622034624	0	-0.0561538461538461	0.372215531083442	0			0
Echocardiography.using.the.Vevo.light.LVAW_d..mm.	preclinical	MX2	Echocardiography using the Vevo light:LVAW_d (mm)	Echocardiography	0.0178571428571429	0.953076622034624	0	-0.0777884615384615	0.195881375321969	0			0
Echocardiography.using.the.Vevo.light.LVPW_d..mm.	preclinical	MX2	Echocardiography using the Vevo light:LVPW_d (mm)	Echocardiography	0.0178571428571428	0.953076622034624	0	-0.0499038461538461	0.36981261207071	0			0
Shock.threshold.test.Vocalization	preclinical	MX2	Shock threshold test:Vocalization	Shock threshold	0.0177619047619048	0.953076622034624	0	-0.0273076923076923	0.65617617808889	0			0
Pavlovian.fear.conditioning.Freezing.Pre.cue.1	preclinical	MX2	Pavlovian fear conditioning:Freezing Pre-cue 1	Pavlovian fear cond.	-2.27619047619048	0.95933165278278	0	0.759615384615385	0.924462585187222	0			0
Haematology...Complete.blood.count..CBC.on.the.Advia.120..MONO....	preclinical	MX2	Haematology - Complete blood count (CBC)on the Advia 120:%MONO (%)	Haematology	-0.263636363636363	0.95933165278278	0	-0.223076923076923	0.839443241923767	0			0
Haematology...Complete.blood.count..CBC.on.the.Advia.120..BASO....	preclinical	MX2	Haematology - Complete blood count (CBC)on the Advia 120:%BASO (%)	Haematology	0.027972027972028	0.95933165278278	0	0.00559440559440558	0.99832866400848	0			0
Open.field.test.Distance.periphery..cm.	preclinical	MX2	Open field test:Distance periphery (cm)	Open field	152.513333333333	0.963942356153846	0	15.1524038461539	0.991709804519749	0			0
Test.de.Tolérance.au.Glucose..GTT..Glucose.T30..mg.dl.	preclinical	MX2	Test de Tolérance au Glucose (GTT):Glucose T30 (mg/dl)	Glucose tolerance test	-7.78571428571428	0.963942356153846	0	-38.5625	0.121907908187479	0			0
Test.de.Tolérance.au.Glucose..GTT..Glucose.T30..mmol.l.	preclinical	MX2	Test de Tolérance au Glucose (GTT):Glucose T30 (mmol/l)	Glucose tolerance test	-0.421428571428571	0.965542828823685	0	-2.1	0.123499945983769	0			0
Open.field.test...Time.Spent.in.the.Center.I1..cm.	preclinical	MX2	Open field test:% Time Spent in the Center I1 (cm)	Open field	-0.807142857142859	0.978080870439453	0	-5.04230769230769	0.0111989265909106	1			0
Auditory.startle.reflex.reactivity.and.PPI...P1.PP70	preclinical	MX2	Auditory startle reflex reactivity and PPI - P1:PP70	Auditory and PPI	31.0119047619048	0.980347761298859	0	-432.923557692308	0.00601265086165216	1			0
Test.de.Tolérance.au.Glucose..GTT..Glucose.auc.positive..0.120...min.mg.dl.	preclinical	MX2	Test de Tolérance au Glucose (GTT):Glucose auc positive (0-120) (min*mg/dl)	Glucose tolerance test	232.285714285716	0.981833746413661	0	-5797.58333333333	0.000129364350296974	1			0
Open.field.test.Dist.I3..cm.	preclinical	MX2	Open field test:Dist I3 (cm)	Open field	29.3847619047617	0.981833746413661	0	-132.54375	0.453906744896395	0			0
Auditory.startle.reflex.reactivity.and.PPI...P1.PP75	preclinical	MX2	Auditory startle reflex reactivity and PPI - P1:PP75	Auditory and PPI	-21.3023809523809	0.981833746413661	0	-248.901442307692	0.0264949476159345	1			0
Test.de.Tolérance.au.Glucose..GTT..Glucose.auc.positive..0.120...min.mmol.l.	preclinical	MX2	Test de Tolérance au Glucose (GTT):Glucose auc positive (0-120) (min*mmol/l)	Glucose tolerance test	12.8571428571429	0.981833746413661	0	-319.0625	0.000129364350296974	1			0
Rotarod.test.Trial.2..s.	preclinical	MX2	Rotarod test:Trial 2 (s)	Rotarod	-5.93333333333334	0.981833746413661	0	37.2115384615385	0.185935996343595	0			0
Test.de.Tolérance.au.Glucose..GTT..Glucose.T15..mg.dl.	preclinical	MX2	Test de Tolérance au Glucose (GTT):Glucose T15 (mg/dl)	Glucose tolerance test	-5.78571428571428	0.981833746413661	0	-2.54166666666669	0.924462585187222	0			0
Clinical.chemistry.parameters.ASAT..U.l.	preclinical	MX2	Clinical chemistry parameters:ASAT (U/l)	Clinical chemistry	-5.04395604395604	0.981833746413661	0	15.4848484848485	0.60173815124208	0			0
Pavlovian.fear.conditioning.Freezing.Cue.1	preclinical	MX2	Pavlovian fear conditioning:Freezing Cue 1	Pavlovian fear cond.	4.52380952380952	0.981833746413661	0	39.5576923076923	0.00144921752626177	1			0
Pavlovian.fear.conditioning.Freezing.....Cue.1	preclinical	MX2	Pavlovian fear conditioning:Freezing (%) Cue-1	Pavlovian fear cond.	3.77028571428571	0.981833746413661	0	32.9643269230769	0.00144921752626177	1			0
ECG.in.anaesthetized.conditions.RR..ms.	preclinical	MX2	ECG in anaesthetized conditions:RR (ms)	ECG	-2.86023809523809	0.981833746413661	0	-16.6685576923077	0.0276316027070723	1			0
Pavlovian.fear.conditioning.context.freezing.con.3	preclinical	MX2	Pavlovian fear conditioning:context freezing con-3	Pavlovian fear cond.	2.39047619047619	0.981833746413661	0	31.2403846153846	0.00848784403164141	1			0
Auditory.startle.reflex.reactivity.and.PPI...P1...PP70	preclinical	MX2	Auditory startle reflex reactivity and PPI - P1:% PP70	Auditory and PPI	2.34571428571429	0.981833746413661	0	6.53913461538461	0.56809935891144	0			0
Open.field.test.Number.of.Rearings.I3	preclinical	MX2	Open field test:Number of Rearings I3	Open field	-2.14761904761905	0.981833746413661	0	-15.6634615384615	0.0090835557421981	1			0
Pavlovian.fear.conditioning.Freezing.....Con.3	preclinical	MX2	Pavlovian fear conditioning:Freezing (%) Con-3	Pavlovian fear cond.	1.99347619047619	0.981833746413661	0	26.0335576923077	0.00848784403164141	1			0
Open.field.test.Permanence.Time.center..s.	preclinical	MX2	Open field test:Permanence Time center (s)	Open field	1.72952380952381	0.981833746413661	0	-25.9288461538462	0.248503654862157	0			0
Open.field.test.Permanence.Time.periphery..s.	preclinical	MX2	Open field test:Permanence Time periphery (s)	Open field	-1.7295238095237	0.981833746413661	0	25.9288461538463	0.248503654862157	0			0
Open.field.test.Resting.Time.center..s.	preclinical	MX2	Open field test:Resting Time center (s)	Open field	1.70190476190476	0.981833746413661	0	1.175	0.893648882475199	0			0
Eye.Morphology.OCT.left.corneal.thickness	preclinical	MX2	Eye Morphology:OCT left corneal thickness	Eye	1.56923076923077	0.981833746413661	0	2.40000000000001	0.783724382305518	0			0
Test.de.Tolérance.au.Glucose..GTT..Glucose.T120..mg.dl.	preclinical	MX2	Test de Tolérance au Glucose (GTT):Glucose T120 (mg/dl)	Glucose tolerance test	-0.785714285714278	0.981833746413661	0	-31.5	0.000135370997410068	1			0
Open.field.test...distance.in.the.Center.I1..cm.	preclinical	MX2	Open field test:% distance in the Center I1 (cm)	Open field	-0.734761904761903	0.981833746413661	0	-4.75961538461538	0.0336051557273736	1			0
Auditory.startle.reflex.reactivity.and.PPI...P1.P70	preclinical	MX2	Auditory startle reflex reactivity and PPI - P1:P70	Auditory and PPI	0.682857142857141	0.981833746413661	0	0.943269230769229	0.821730942071116	0			0
Pavlovian.fear.conditioning.Freezing.conditioning.Hab.1	preclinical	MX2	Pavlovian fear conditioning:Freezing conditioning Hab-1	Pavlovian fear cond.	0.619047619047619	0.981833746413661	0	-0.759615384615385	0.818208467541614	0			0
Pavlovian.fear.conditioning.Freezing.Cue.2	preclinical	MX2	Pavlovian fear conditioning:Freezing Cue 2	Pavlovian fear cond.	-0.533333333333331	0.981833746413661	0	49.2980769230769	0.00014950635355437	1			0
Echocardiography.using.the.Vevo.light.LV.Vol_d..uL.	preclinical	MX2	Echocardiography using the Vevo light:LV Vol_d (uL)	Echocardiography	0.481095238095236	0.981833746413661	0	-11.1805288461538	0.123499945983769	0			0
Pavlovian.fear.conditioning.Freezing.....Cue.2	preclinical	MX2	Pavlovian fear conditioning:Freezing (%) Cue-2	Pavlovian fear cond.	-0.443952380952382	0.981833746413661	0	41.0816346153846	0.00014950635355437	1			0
Open.field.test...distance.in.the.Center.glob...cm.	preclinical	MX2	Open field test:% distance in the Center glob. (cm)	Open field	0.402380952380952	0.981833746413661	0	-2.20865384615385	0.248503654862157	0			0
Test.de.Tolérance.au.Glucose..GTT..Glucose.T15..mmol.l.	preclinical	MX2	Test de Tolérance au Glucose (GTT):Glucose T15 (mmol/l)	Glucose tolerance test	-0.328571428571429	0.981833746413661	0	-0.143750000000001	0.924462585187222	0			0
Clinical.chemistry.parameters.P.mg.dl..mg.dl.	preclinical	MX2	Clinical chemistry parameters:P mg/dl (mg/dl)	Clinical chemistry	0.315389610389611	0.981833746413661	0	2.10217948717949	8.89643827585843e-05	1			0
Ultrafocus...Densitométrie.osseuse.et.composition.corporelle.BMD..mg.cm2.	preclinical	MX2	Ultrafocus - Densitométrie osseuse et composition corporelle:BMD (mg/cm2)	Body composition	-0.302476190476192	0.981833746413661	0	-0.062596153846151	0.9884451350441	0			0
Pavlovian.fear.conditioning.Freezing.Pre.cue.2	preclinical	MX2	Pavlovian fear conditioning:Freezing Pre-cue 2	Pavlovian fear cond.	-0.238095238095241	0.981833746413661	0	15.5	0.0538983560263662	0			0
Open.field.test..Time.Spent.in.the.Center.glob	preclinical	MX2	Open field test:%Time Spent in the Center glob	Open field	0.175714285714285	0.981833746413661	0	-2.14951923076923	0.248503654862157	0			0
Haematology...Complete.blood.count..CBC.on.the.Advia.120.MCV..fL.	preclinical	MX2	Haematology - Complete blood count (CBC)on the Advia 120:MCV (fL)	Haematology	0.141958041958041	0.981833746413661	0	0.260839160839161	0.774150875940581	0			0
ECG.in.anaesthetized.conditions.QRS..ms.	preclinical	MX2	ECG in anaesthetized conditions:QRS (ms)	ECG	-0.125714285714288	0.981833746413661	0	0.283173076923077	0.839443241923767	0			0
Clinical.chemistry.parameters.P..mmol.l.	preclinical	MX2	Clinical chemistry parameters:P (mmol/l)	Clinical chemistry	0.102532467532467	0.981833746413661	0	0.679038461538461	0.000135370997410068	1			0
Eye.Morphology.Body.weight..g.	preclinical	MX2	Eye Morphology:Body weight (g)	Eye	-0.0695238095238082	0.981833746413661	0	-5.22692307692308	4.64826854414346e-09	1			0
Hot.plate.test.Body.weight..g.	preclinical	MX2	Hot plate test:Body weight (g)	Hot plate	-0.0695238095238082	0.981833746413661	0	-5.22692307692308	4.64826854414346e-09	1			0
Test.de.Tolérance.au.Glucose..GTT..Glucose.T120..mmol.l.	preclinical	MX2	Test de Tolérance au Glucose (GTT):Glucose T120 (mmol/l)	Glucose tolerance test	-0.0571428571428578	0.981833746413661	0	-1.72708333333333	0.000143505417945779	1			0
Open.field.test.av..speed.periphery..cm.s.	preclinical	MX2	Open field test:av. speed periphery (cm/s)	Open field	0.048333333333332	0.981833746413661	0	0.223076923076924	0.506030787850319	0			0
Haematology...Complete.blood.count..CBC.on.the.Advia.120.NEUTRO..x10E03.cells.µL.	preclinical	MX2	Haematology - Complete blood count (CBC)on the Advia 120:NEUTRO (x10E03 cells/µL)	Haematology	-0.0391608391608392	0.981833746413661	0	-0.115244755244755	0.287963267258721	0			0
Rotarod.test.Passive.rotation..T1.	preclinical	MX2	Rotarod test:Passive rotation (T1)	Rotarod	-0.0333333333333334	0.981833746413661	0	0.240384615384615	0.36981261207071	0			0
Haematology...Complete.blood.count..CBC.on.the.Advia.120.RDW....	preclinical	MX2	Haematology - Complete blood count (CBC)on the Advia 120:RDW (%)	Haematology	0.0300699300699296	0.981833746413661	0	-0.08041958041958	0.839443241923767	0			0
Haematology...Complete.blood.count..CBC.on.the.Advia.120.EOSINO..x10E03.cells.µL.	preclinical	MX2	Haematology - Complete blood count (CBC)on the Advia 120:EOSINO (x10E03 cells/µL)	Haematology	-0.0255944055944056	0.981833746413661	0	-0.0415384615384616	0.728623216083596	0			0
Haematology...Complete.blood.count..CBC.on.the.Advia.120.NEUTRO.BRUT..x10E03.cells.µL.	preclinical	MX2	Haematology - Complete blood count (CBC)on the Advia 120:NEUTRO BRUT (x10E03 cells/µL)	Haematology	-0.0195804195804196	0.981833746413661	0	-0.0576223776223776	0.451613240368177	0			0
Haematology...Complete.blood.count..CBC.on.the.Advia.120.MONO.BRUT..x10E03.cells.µL.	preclinical	MX2	Haematology - Complete blood count (CBC)on the Advia 120:MONO BRUT (x10E03 cells/µL)	Haematology	-0.0170629370629371	0.981833746413661	0	-0.0282517482517483	0.722417275977904	0			0
Haematology...Complete.blood.count..CBC.on.the.Advia.120.EOSINO.BRUT..x10E03.cells.µL.	preclinical	MX2	Haematology - Complete blood count (CBC)on the Advia 120:EOSINO BRUT (x10E03 cells/µL)	Haematology	-0.0127972027972028	0.981833746413661	0	-0.0207692307692308	0.818208467541614	0			0
Haematology...Complete.blood.count..CBC.on.the.Advia.120.LUC..x10E03.cells.µL.	preclinical	MX2	Haematology - Complete blood count (CBC)on the Advia 120:LUC (x10E03 cells/µL)	Haematology	-0.0123076923076923	0.981833746413661	0	-0.0179020979020979	0.818208467541614	0			0
Echocardiography.using.the.Vevo.light.LVID_d..mm.	preclinical	MX2	Echocardiography using the Vevo light:LVID_d (mm)	Echocardiography	0.0101904761904761	0.981833746413661	0	-0.237211538461539	0.168062842289115	0			0
Anapath.A2.heart..g.	preclinical	MX2	Anapath:A2 heart (g)	Anapath	-0.00633333333333333	0.981833746413661	0	-0.0240384615384615	0.65617617808889	0			0
ECG.in.anaesthetized.conditions.HR..bpm.	preclinical	MX2	ECG in anaesthetized conditions:HR (bpm)	ECG	3.90952380952382	0.985329470533369	0	50.3413461538461	0.0282361141113484	1			0
Haematology...Complete.blood.count..CBC.on.the.Advia.120.LUC.BRUT..x10E03.cells.µL.	preclinical	MX2	Haematology - Complete blood count (CBC)on the Advia 120:LUC BRUT (x10E03 cells/µL)	Haematology	-0.00615384615384615	0.985329470533369	0	-0.00895104895104895	0.915518932794405	0			0
Open.field.test.Number.of.Rearings.I2	preclinical	MX2	Open field test:Number of Rearings I2	Open field	0.00476190476189942	0.985329470533369	0	-14.2355769230769	0.0141735813936148	1			0
Dysmorphology.IMPC.Transfer.arousal	preclinical	MX2	Dysmorphology IMPC:Transfer arousal	Dysmorphology	0.0142857142857142	0.989359722774195	0	-0.0432692307692308	0.882340044312243	0			0
Modified.SHIRPA.Transfer.arousal	preclinical	MX2	Modified SHIRPA:Transfer arousal	SHIRPA	0.0142857142857142	0.989359722774195	0	-0.0432692307692308	0.882340044312243	0			0
Haematology...Complete.blood.count..CBC.on.the.Advia.120..EOSINO....	preclinical	MX2	Haematology - Complete blood count (CBC)on the Advia 120:%EOSINO (%)	Haematology	0.262237762237762	0.990391708242041	0	0.92937062937063	0.65617617808889	0			0
Pavlovian.fear.conditioning.Freezing.conditioning.Hab.2	preclinical	MX2	Pavlovian fear conditioning:Freezing conditioning Hab-2	Pavlovian fear cond.	-0.123809523809525	0.990391708242041	0	3.16346153846154	0.462291859439625	0			0
Ultrafocus...Densitométrie.osseuse.et.composition.corporelle.bone.area..cm2.	preclinical	MX2	Ultrafocus - Densitométrie osseuse et composition corporelle:bone area (cm2)	Body composition	-0.00171428571428578	0.990391708242041	0	-0.322451923076922	0.0331908430859803	1			0
Rotarod.test.Trial.3..s.	preclinical	MX2	Rotarod test:Trial 3 (s)	Rotarod	2.16190476190474	0.995663954928715	0	30.8173076923077	0.356084192688123	0			0
Clinical.chemistry.parameters.T..Chol..mg.dl..mg.dl.	preclinical	MX2	Clinical chemistry parameters:T. Chol. mg/dl (mg/dl)	Clinical chemistry	-0.586547619047622	0.995663954928715	0	-6.51392857142856	0.168062842289115	0			0
Clinical.chemistry.parameters.Urea.mg.dl..mg.dl.	preclinical	MX2	Clinical chemistry parameters:Urea mg/dl (mg/dl)	Clinical chemistry	0.179220779220785	0.995663954928715	0	0.603846153846156	0.915518932794405	0			0
Clinical.chemistry.parameters.Blood.Urea.Nitrogen.mg.dl..mg.dl.	preclinical	MX2	Clinical chemistry parameters:Blood Urea Nitrogen mg/dl (mg/dl)	Clinical chemistry	0.0837012987012962	0.995663954928715	0	0.282884615384614	0.915518932794405	0			0
Ultrafocus...Densitométrie.osseuse.et.composition.corporelle.lean.weight..g.	preclinical	MX2	Ultrafocus - Densitométrie osseuse et composition corporelle:lean weight (g)	Body composition	-0.0710000000000015	0.995663954928715	0	-2.75466346153846	0.00113305149369427	1			0
Clinical.chemistry.parameters.Urea..mmol.l.	preclinical	MX2	Clinical chemistry parameters:Urea (mmol/l)	Clinical chemistry	0.0298701298701296	0.995663954928715	0	0.100641025641026	0.915518932794405	0			0
Clinical.chemistry.parameters.T..Chol...mmol.l.	preclinical	MX2	Clinical chemistry parameters:T. Chol. (mmol/l)	Clinical chemistry	-0.0151190476190477	0.995663954928715	0	-0.168333333333333	0.201308239962606	0			0
Ultrafocus...Densitométrie.osseuse.et.composition.corporelle.BMC..g.	preclinical	MX2	Ultrafocus - Densitométrie osseuse et composition corporelle:BMC (g)	Body composition	-0.00185714285714289	0.995663954928715	0	-0.0194711538461538	0.745149278383737	0			0
Hot.plate.test.Hot.plate.1..s.	preclinical	MX2	Hot plate test:Hot plate 1 (s)	Hot plate	0.000809523809522261	0.995663954928715	0	-0.841778846153847	0.672327420216563	0			0
Open.field.test.Dist.I2..cm.	preclinical	MX2	Open field test:Dist I2 (cm)	Open field	-3.84095238095233	0.999999999999987	0	-139.542788461539	0.339409361435488	0			0
Dysmorphology.IMPC.Startle.response	preclinical	MX2	Dysmorphology IMPC:Startle response	Dysmorphology	0.038095238095238	0.999999999999987	0	1	3.39283266980487e-20	1			0
Modified.SHIRPA.Startle.response	preclinical	MX2	Modified SHIRPA:Startle response	SHIRPA	0.038095238095238	0.999999999999987	0	1	3.39283266980487e-20	1			0
Ultrafocus...Densitométrie.osseuse.et.composition.corporelle.BMD..g.cm2.	preclinical	MX2	Ultrafocus - Densitométrie osseuse et composition corporelle:BMD (g/cm2)	Body composition	-0.000312380952380953	0.999999999999987	0	-2.98076923076901e-05	0.999565508332047	0			0
