sampleMetadata	gene	mouse_id	sex	gene_name	mgi_id	variant	impc_id	impc_genotype	impc_phenotype	id
W616f	WT	616	F			C57BL/6N Mouse	93299	CRLWT/WT		W616f
W617f	WT	617	F			C57BL/6N Mouse	93300	CRLWT/WT		W617f
W620f	WT	620	F			C57BL/6N Mouse	93301	CRLWT/WT		W620f
W621f	WT	621	F			C57BL/6N Mouse	93302	CRLWT/WT		W621f
W622f	WT	622	F			C57BL/6N Mouse	93303	CRLWT/WT		W622f
W623f	WT	623	F			C57BL/6N Mouse	93304	CRLWT/WT		W623f
W625m	WT	625	M			C57BL/6N Mouse	93295	CRLWT/WT		W625m
W627m	WT	627	M			C57BL/6N Mouse	93306	CRLWT/WT		W627m
W628m	WT	628	M			C57BL/6N Mouse	93307	CRLWT/WT		W628m
W629m	WT	629	M			C57BL/6N Mouse	93308	CRLWT/WT		W629m
W630m	WT	630	M			C57BL/6N Mouse	93309	CRLWT/WT		W630m
W631m	WT	631	M			C57BL/6N Mouse	93310	CRLWT/WT		W631m
W632f	WT	632	F			C57BL/6N Mouse	93297	CRLWT/WT		W632f
W633f	WT	633	F			C57BL/6N Mouse	93298	CRLWT/WT		W633f
W634m	WT	634	M			C57BL/6N Mouse	93296	CRLWT/WT		W634m
L818f	LAT	818	F	linker for activation of T cells	MGI:1342293	C57BL/6N Mouse	93312	P5960Del/Del	https://www.mousephenotype.org/data/genes/MGI:1342293#phenotypesTab	L818f
L819f	LAT	819	F	linker for activation of T cells	MGI:1342293	C57BL/6N Mouse	93313	P5960Del/Del	https://www.mousephenotype.org/data/genes/MGI:1342293#phenotypesTab	L819f
L824m	LAT	824	M	linker for activation of T cells	MGI:1342293	C57BL/6N Mouse	93314	P5960Del/Del	https://www.mousephenotype.org/data/genes/MGI:1342293#phenotypesTab	L824m
L825m	LAT	825	M	linker for activation of T cells	MGI:1342293	C57BL/6N Mouse	93315	P5960Del/Del	https://www.mousephenotype.org/data/genes/MGI:1342293#phenotypesTab	L825m
L826m	LAT	826	M	linker for activation of T cells	MGI:1342293	C57BL/6N Mouse	93316	P5960Del/Del	https://www.mousephenotype.org/data/genes/MGI:1342293#phenotypesTab	L826m
L827m	LAT	827	M	linker for activation of T cells	MGI:1342293	C57BL/6N Mouse	93317	P5960Del/Del	https://www.mousephenotype.org/data/genes/MGI:1342293#phenotypesTab	L827m
L836f	LAT	836	F	linker for activation of T cells	MGI:1342293	C57BL/6N Mouse	93318	P5960Del/Del	https://www.mousephenotype.org/data/genes/MGI:1342293#phenotypesTab	L836f
L841f	LAT	841	F	linker for activation of T cells	MGI:1342293	C57BL/6N Mouse	93319	P5960Del/Del	https://www.mousephenotype.org/data/genes/MGI:1342293#phenotypesTab	L841f
L848m	LAT	848	M	linker for activation of T cells	MGI:1342293	C57BL/6N Mouse	93321	P5960Del/Del	https://www.mousephenotype.org/data/genes/MGI:1342293#phenotypesTab	L848m
L849m	LAT	849	M	linker for activation of T cells	MGI:1342293	C57BL/6N Mouse	93322	P5960Del/Del	https://www.mousephenotype.org/data/genes/MGI:1342293#phenotypesTab	L849m
L854f	LAT	854	F	linker for activation of T cells	MGI:1342293	C57BL/6N Mouse	93323	P5960Del/Del	https://www.mousephenotype.org/data/genes/MGI:1342293#phenotypesTab	L854f
L859m	LAT	859	M	linker for activation of T cells	MGI:1342293	C57BL/6N Mouse	93324	P5960Del/Del	https://www.mousephenotype.org/data/genes/MGI:1342293#phenotypesTab	L859m
L862f	LAT	862	F	linker for activation of T cells	MGI:1342293	C57BL/6N Mouse	93325	P5960Del/Del	https://www.mousephenotype.org/data/genes/MGI:1342293#phenotypesTab	L862f
